checked_at,copyright,crop_count,date_submitted,file_description,file_name,image_type,imslp_id,publisher_information,reason,resolved_work_title,scanner,source_url,status,uploader,work_title,work_url
2026-08-31T10:36:56Z,Public Domain,16,2007/7/21,Complete Score,SchubertD280_Das_Rosenband.pdf,Normal Scan,IMSLP10416,{{FPSSongs|139|453|72-73|3|1895}},IMSLP exact-file record: Public Domain + Normal Scan,,uploader,https://imslp.org/wiki/Special:ImagefromIndex/10416,candidate_pd_scan,[[User:Aldona|Aldona Jones]],"Das Rosenband, D.280 (Schubert, Franz)",https://imslp.org/wiki/Das_Rosenband%2C_D.280_%28Schubert%2C_Franz%29
2026-08-31T10:36:56Z,Public Domain,15,2007/7/22,Complete Score,SchubertD550d_Die_Forelle_4th_Version.pdf,Normal Scan,IMSLP10602,{{FPSSongs|327d|673|141-143|5|1895}},IMSLP exact-file record: Public Domain + Normal Scan,,uploader,https://imslp.org/wiki/Special:ImagefromIndex/10602,candidate_pd_scan,[[User:Aldona|Aldona Jones]],"Die Forelle, D.550 (Schubert, Franz)",https://imslp.org/wiki/Die_Forelle%2C_D.550_%28Schubert%2C_Franz%29
2026-08-31T10:36:58Z,,3,,,,,IMSLP112763,,IMSLP work page not resolved,"1 Sérénade printanière (Holmès, Augusta Mary Anne)",,,needs_manual_review,,"1 Sérénade printanière (Holmès, Augusta Mary Anne)",
2026-08-31T10:36:59Z,Public Domain,34,,"Complete Score (Original / High voice, {{K|D}})",PMLP28787-schubert_fischerweise_high_voice_peters_9308.pdf,Normal Scan,IMSLP11784,"''[[Franz Schubert - Gesänge für eine Singstimme mit Klavierbegleitung|Gesänge für eine Singstimme mit Klavierbegleitung]], Band 2: Ausgabe für hohe Stimme''<br>''[[Franz Schubert - Gesänge für eine Singstimme mit Klavierbegleitung|Gesänge für eine Singstimme mit Klavierbegleitung]], Band 2: Ausgabe für tiefe Stimme''<br>{{P|Edition Peters||Leipzig|n.d.(ca.1905-10)||178a/c|9308, 7610}}",IMSLP exact-file record: Public Domain + Normal Scan,,,https://imslp.org/wiki/Special:ImagefromIndex/11784,candidate_pd_scan,,"Fischerweise, D.881 (Schubert, Franz)",https://imslp.org/wiki/Fischerweise%2C_D.881_%28Schubert%2C_Franz%29
2026-08-31T10:37:02Z,Public Domain,16,2011/9/13,Complete Score,SIBLEY1802.3114.db7e-39087012013746dansunemusette.pdf,Normal Scan,IMSLP122258,"{{p|J. & W. Chester, Ltd.|J. & W. Chester|London||1918||3800}}",IMSLP exact-file record: Public Domain + Normal Scan,,{{SibleyScan|1802/3114}},https://imslp.org/wiki/Special:ImagefromIndex/122258,candidate_pd_scan,[[User:Icactus|Icactus]],Dans une musette (Poldowski),https://imslp.org/wiki/Dans_une_musette_%28Poldowski%29
2026-08-31T10:37:02Z,Public Domain,8,2007/8/21,Complete Score,SchubertD889_Standchen.pdf,Normal Scan,IMSLP12291,{{FPSSongs|503|864|228-29|8|1895}},IMSLP exact-file record: Public Domain + Normal Scan,,uploader,https://imslp.org/wiki/Special:ImagefromIndex/12291,candidate_pd_scan,[[User:Aldona|Aldona Jones]],"Ständchen, D.889 (Schubert, Franz)",https://imslp.org/wiki/St%C3%A4ndchen%2C_D.889_%28Schubert%2C_Franz%29
2026-08-31T10:37:02Z,Public Domain,26,2007/8/27,Complete Score,SchubertD909_Jagers_Liebeslied.pdf,Normal Scan,IMSLP12778,{{FPSSongs|515|876|264-66|8|1895}},IMSLP exact-file record: Public Domain + Normal Scan,,uploader,https://imslp.org/wiki/Special:ImagefromIndex/12778,candidate_pd_scan,[[User:Aldona|Aldona Jones]],"Jägers Liebeslied, D.909 (Schubert, Franz)",https://imslp.org/wiki/J%C3%A4gers_Liebeslied%2C_D.909_%28Schubert%2C_Franz%29
2026-08-31T10:37:04Z,Public Domain,58,2007/9/16,Complete Score,SchubertD118_Gretchen_Am_Spinnrade.pdf,Normal Scan,IMSLP13971,{{FPSSongs|31|337|191-96|1|1894}},IMSLP exact-file record: Public Domain + Normal Scan,,uploader,https://imslp.org/wiki/Special:ImagefromIndex/13971,candidate_pd_scan,[[User:Aldona|Aldona Jones]],"Gretchen am Spinnrade, D.118 (Schubert, Franz)",https://imslp.org/wiki/Gretchen_am_Spinnrade%2C_D.118_%28Schubert%2C_Franz%29
2026-08-31T10:37:04Z,Public Domain,38,2011/10/23,Complete Score {{Vk|high|A}},PMLP266485-CHAMINADE_-_L'ete.pdf,Normal Scan,IMSLP140920,"''Twelve Songs, No.6''<br>{{P|Joseph Williams||London||||N8192}}",IMSLP exact-file record: Public Domain + Normal Scan,,Adam Ramet,https://imslp.org/wiki/Special:ImagefromIndex/140920,candidate_pd_scan,[[User:Themodist.com|Adam Ramet]],"L'été (Chaminade, Cécile)",https://imslp.org/wiki/L%27%C3%A9t%C3%A9_%28Chaminade%2C_C%C3%A9cile%29
2026-08-31T10:37:06Z,,20,,,,,IMSLP148200,,file_id_not_rendered_on_work_page,,,,needs_manual_review,,"2 So White, so Soft, so Sweet is She (Delius, Frederick)",
2026-08-31T10:37:07Z,,2,,,,,IMSLP154059,,raw_file_block_missing,,,,needs_manual_review,,"Les rêves (Chaminade, Cécile)",
2026-08-31T10:37:07Z,Public Domain,32,2011/11/20,Complete Score {{Vk|high|A}},PMLP281492-Chaminade_AupresDeMaMie_HV.pdf,Normal Scan,IMSLP154060,"{{P2|Schirmer|G. Schirmer|New York||1893||10987, 11004}}",IMSLP exact-file record: Public Domain + Normal Scan,,{{SibleyScan|1802/17411}},https://imslp.org/wiki/Special:ImagefromIndex/154060,candidate_pd_scan,[[User:Morel|Morel]],"Auprès de ma mie (Chaminade, Cécile)",https://imslp.org/wiki/Aupr%C3%A8s_de_ma_mie_%28Chaminade%2C_C%C3%A9cile%29
2026-08-31T10:37:07Z,,18,,,,,IMSLP154063,,raw_file_block_missing,,,,needs_manual_review,,"Rosemonde (Chaminade, Cécile)",
2026-08-31T10:37:07Z,,34,,,,,IMSLP154067,,raw_file_block_missing,,,,needs_manual_review,,"Plaintes d’amour (Chaminade, Cécile)",
2026-08-31T10:37:07Z,Public Domain,20,2011/11/20,Complete Score {{Vk|high|Eb}},PMLP281507-Chaminade_LAmourCaptif_HV.pdf,Normal Scan,IMSLP154070,"{{P2|Schirmer|G. Schirmer|New York||1895||11334, 11335}}",IMSLP exact-file record: Public Domain + Normal Scan,,{{SibleyScan|1802/17411}},https://imslp.org/wiki/Special:ImagefromIndex/154070,candidate_pd_scan,[[User:Morel|Morel]],"L'amour captif (Chaminade, Cécile)",https://imslp.org/wiki/L%27amour_captif_%28Chaminade%2C_C%C3%A9cile%29
2026-08-31T10:37:09Z,,8,,,,,IMSLP154084,,IMSLP work page not resolved,"Chanson groënlandaise (Chaminade, Cécile)",,,needs_manual_review,,"Chanson groënlandaise (Chaminade, Cécile)",
2026-08-31T10:37:09Z,Public Domain,25,2011/11/20,Complete Score {{Vk|high|c}},PMLP281534-Chaminade_BalladeALaLune_HV.pdf,,IMSLP154086,{{P2|Schirmer|G. Schirmer|New York|n.d.(1894?)|1894||12980{{EN}}81}},not an original Normal Scan,,{{SibleyScan|1802/17411}},https://imslp.org/wiki/Special:ImagefromIndex/154086,exclude,[[User:Morel|Morel]],"Ballade à la lune (Chaminade, Cécile)",https://imslp.org/wiki/Ballade_%C3%A0_la_lune_%28Chaminade%2C_C%C3%A9cile%29
2026-08-31T10:37:09Z,Public Domain,18,2011/11/20,Complete Score {{Vk|high|G}},PMLP281562-Chaminade_Aubade_HV.pdf,Normal Scan,IMSLP154110,"{{P2|Schirmer|G. Schirmer|New York||||12990, 12991}}",IMSLP exact-file record: Public Domain + Normal Scan,,{{SibleyScan|1802/17411}},https://imslp.org/wiki/Special:ImagefromIndex/154110,candidate_pd_scan,[[User:Morel|Morel]],"Aubade (Chaminade, Cécile)",https://imslp.org/wiki/Aubade_%28Chaminade%2C_C%C3%A9cile%29
2026-08-31T10:37:09Z,Public Domain,16,2011/11/20,Complete Score {{Vk|high|Eb}},PMLP281589-Chaminade_Amoroso_HV.pdf,Normal Scan,IMSLP154140,"{{P2|Schirmer|G. Schirmer|New York||1893||10995, 11012}}",IMSLP exact-file record: Public Domain + Normal Scan,,{{SibleyScan|1802/17411}},https://imslp.org/wiki/Special:ImagefromIndex/154140,candidate_pd_scan,[[User:Morel|Morel]],"Amoroso (Chaminade, Cécile)",https://imslp.org/wiki/Amoroso_%28Chaminade%2C_C%C3%A9cile%29
2026-08-31T10:37:09Z,Public Domain,2,2011/11/20,Complete Score {{Vk|high|F}},PMLP281592-Chaminade_AmourDAutomne_HV.pdf,Normal Scan,IMSLP154142,"{{P2|Schirmer|G. Schirmer|New York||1893||10990, 11007}}",IMSLP exact-file record: Public Domain + Normal Scan,,{{SibleyScan|1802/17411}},https://imslp.org/wiki/Special:ImagefromIndex/154142,candidate_pd_scan,[[User:Morel|Morel]],"Amour d'automne (Chaminade, Cécile)",https://imslp.org/wiki/Amour_d%27automne_%28Chaminade%2C_C%C3%A9cile%29
2026-08-31T10:37:11Z,Public Domain,8,2011/11/20,Complete Score {{Vk|high|Eb}},PMLP281595-Chaminade_Berceuse_HV.pdf,Normal Scan,IMSLP154144,{{P2|Schirmer|G. Schirmer|New York||1894||11726-27}},IMSLP exact-file record: Public Domain + Normal Scan,,{{SibleyScan|1802/17411}},https://imslp.org/wiki/Special:ImagefromIndex/154144,candidate_pd_scan,[[User:Morel|Morel]],"Berceuse (Chaminade, Cécile)",https://imslp.org/wiki/Berceuse_%28Chaminade%2C_C%C3%A9cile%29
2026-08-31T10:37:11Z,,30,,,,,IMSLP154201,,raw_file_block_missing,,,,needs_manual_review,,"Colette (Chaminade, Cécile)",
2026-08-31T10:37:11Z,,12,,,,,IMSLP154211,,raw_file_block_missing,,,,needs_manual_review,,"La fiancée du soldat (Chaminade, Cécile)",
2026-08-31T10:37:11Z,,22,,,,,IMSLP154220,,raw_file_block_missing,,,,needs_manual_review,,"Rêve d’un soir (Chaminade, Cécile)",
2026-08-31T10:37:12Z,Public Domain,14,2011/2/27,Complete Score,PMLP194372-Chaminade_-_083_-_Ritournelle_!.pdf,,IMSLP154223,{{P|Enoch||Paris||1896||E. & C. 2795}},not an original Normal Scan,,Caprotti,https://imslp.org/wiki/Special:ImagefromIndex/154223,exclude,[[User:Caprotti|Caprotti]],"Ritournelle, Op.83 (Chaminade, Cécile)",https://imslp.org/wiki/Ritournelle%2C_Op.83_%28Chaminade%2C_C%C3%A9cile%29
2026-08-31T10:37:14Z,,8,,,,,IMSLP154229,,raw_file_block_missing,,,,needs_manual_review,,"Sur la plage (Chaminade, Cécile)",
2026-08-31T10:37:14Z,Public Domain,16,2011/11/21,Complete Score {{Vk|low|G}},PMLP281741-Chaminade_Melodies_4eme_volume_01_LAlleeDEmeraudeEtDOr.pdf,,IMSLP154240,"''Mélodies, Recueil 4'', No.1 (pp.1-4)<br>{{P|Enoch|Enoch & Cie.|Paris||1900||}}",not an original Normal Scan,,Morel,https://imslp.org/wiki/Special:ImagefromIndex/154240,exclude,[[User:Morel|Morel]],"L'allée d'émeraude et d'or (Chaminade, Cécile)",https://imslp.org/wiki/L%27all%C3%A9e_d%27%C3%A9meraude_et_d%27or_%28Chaminade%2C_C%C3%A9cile%29
2026-08-31T10:37:15Z,Public Domain,30,2011/11/21,Complete Score {{Vk|low|C}},PMLP281745-Chaminade_Melodies_4eme_volume_02_Alleluia.pdf,,IMSLP154241,"''Mélodies, Recueil 4'', No.2 (pp.5-8)<br>{{P|Enoch|Enoch & Cie.|Paris||1901||E. & C}}",not an original Normal Scan,,Morel,https://imslp.org/wiki/Special:ImagefromIndex/154241,exclude,[[User:Morel|Morel]],"Alleluia (Chaminade, Cécile)",https://imslp.org/wiki/Alleluia_%28Chaminade%2C_C%C3%A9cile%29
2026-08-31T10:37:15Z,Public Domain,10,2011/11/21,Complete Score {{Vk|low|C}},PMLP281748-Chaminade_Melodies_4eme_volume_03_AvrilSEveille.pdf,,IMSLP154242,"''Mélodies, Recueil 4'', No.3 (pp.9-12)<br>{{P|Enoch|Enoch & Cie.|Paris||1896||E. & C}}",not an original Normal Scan,,Morel,https://imslp.org/wiki/Special:ImagefromIndex/154242,exclude,[[User:Morel|Morel]],"Avril s'éveille (Chaminade, Cécile)",https://imslp.org/wiki/Avril_s%27%C3%A9veille_%28Chaminade%2C_C%C3%A9cile%29
2026-08-31T10:37:16Z,Public Domain,27,2011/11/21,Complete Score {{Vk|low|d}},PMLP281753-Chaminade_Melodies_4eme_volume_05_ChansonDeNeige.pdf,,IMSLP154245,"''Mélodies, Recueil 4'', No.5 (pp.17-20)<br>{{P|Enoch|Enoch & Cie.|Paris||1906||E. & C}}",not an original Normal Scan,,Morel,https://imslp.org/wiki/Special:ImagefromIndex/154245,exclude,[[User:Morel|Morel]],"Chanson de neige (Chaminade, Cécile)",https://imslp.org/wiki/Chanson_de_neige_%28Chaminade%2C_C%C3%A9cile%29
2026-08-31T10:37:16Z,Public Domain,24,2011/11/21,"Complete score (low voice, {{K|Eb}})",PMLP281824-Chaminade_Melodies_2eme_volume_09-ChansonEspagnole.pdf,,IMSLP154289,"{{LinkWorkN|Mélodies, Recueil 2||Chaminade|Cécile|0}}, No.9 (pp.36-40)<br>{{P|Enoch|Enoch & Cie.|Paris||1895||E. & C. 3163}}",not an original Normal Scan,,Morel,https://imslp.org/wiki/Special:ImagefromIndex/154289,exclude,[[User:Morel|Morel]],"Chanson espagnole (Chaminade, Cécile)",https://imslp.org/wiki/Chanson_espagnole_%28Chaminade%2C_C%C3%A9cile%29
2026-08-31T10:37:16Z,Public Domain,30,2011/11/21,Complete Score {{Vk|low|e}},PMLP281843-Chaminade_Melodies_3eme_volume_01_Amertume.pdf,,IMSLP154299,"{{LinkWork|Mélodies, Recueil 3||Chaminade|Cécile|0}}, No.1 (pp.1-5)<br>{{P|Enoch|Enoch & Cie.|Paris||1898||E. & C. 4098}}",not an original Normal Scan,,Morel,https://imslp.org/wiki/Special:ImagefromIndex/154299,exclude,[[User:Morel|Morel]],"Amertume (Chaminade, Cécile)",https://imslp.org/wiki/Amertume_%28Chaminade%2C_C%C3%A9cile%29
2026-08-31T10:37:16Z,Public Domain,6,2008/1/27,Complete Score,SchubertD651 Himmelsfunken.pdf,Normal Scan,IMSLP16259,{{FPSSongs|353|700|14-15|6|1895}},IMSLP exact-file record: Public Domain + Normal Scan,,uploader,https://imslp.org/wiki/Special:ImagefromIndex/16259,candidate_pd_scan,[[User:Aldona|Aldona Jones]],"Himmelsfunken, D.651 (Schubert, Franz)",https://imslp.org/wiki/Himmelsfunken%2C_D.651_%28Schubert%2C_Franz%29
2026-08-31T10:37:16Z,,12,,,,,IMSLP16349,,file_id_not_rendered_on_work_page,,,,needs_manual_review,,"1 Du liebst mich nicht (Schubert, Franz)",
2026-08-31T10:37:18Z,,8,,,,,IMSLP16364,,file_id_not_rendered_on_work_page,,,,needs_manual_review,,"3 Wandrers Nachtlied, D.768 (Schubert, Franz)",
2026-08-31T10:37:20Z,,24,,,,,IMSLP16369,,file_id_not_rendered_on_work_page,,,,needs_manual_review,,"1 Der Zwerg, D.771 (Schubert, Franz)",
2026-08-31T10:37:22Z,,5,,,,,IMSLP16400,,IMSLP work page not resolved,"6 Ellens Gesang III, D.839 (Ave Maria) (Schubert, Franz)",,,needs_manual_review,,"6 Ellens Gesang III, D.839 (Ave Maria) (Schubert, Franz)",
2026-08-31T10:37:24Z,,5,,,,,IMSLP16625,,file_id_not_rendered_on_work_page,,,,needs_manual_review,,"3 Bootgesang, D.835 (Schubert, Franz)",
2026-08-31T10:37:25Z,,22,,,,,IMSLP16883,,file_id_not_rendered_on_work_page,,,,needs_manual_review,,"Je te veux (Satie, Erik)",
2026-08-31T10:37:25Z,Public Domain,10,2008/5/11,Complete Score,Satie_-_Tendrement_(voice_and_piano).pdf,,IMSLP16890,"{{P|E. Baudoux|E. Baudoux & Cie.|Paris||1903||E.B. & Cie. 772}}<br>(Later [[Rouart, Lerolle & Cie.]])",not an original Normal Scan,,|Uploader=[[User:Daphnis|Daphnis]],https://imslp.org/wiki/Special:ImagefromIndex/16890,exclude,,"Tendrement (Satie, Erik)",https://imslp.org/wiki/Tendrement_%28Satie%2C_Erik%29
2026-08-31T10:37:25Z,Public Domain,15,2012/1/22,Complete Score,PMLP305644-Gail_Nocturne.pdf,,IMSLP173062,"''Échos de France,  Premier volume''<br>Paris: [[A. Durand & Fils]], n.d. Plate D. & F. 89",not an original Normal Scan,,University of Toronto,https://imslp.org/wiki/Special:ImagefromIndex/173062,exclude,[[User:Bassani|Bassani]],"Les langueurs (Gail, Sophie)",https://imslp.org/wiki/Les_langueurs_%28Gail%2C_Sophie%29
2026-08-31T10:37:25Z,Public Domain,33,2012/1/22,Complete Score,PMLP305646-Gail_Nocturne_a_2.pdf,,IMSLP173063,"''Échos de France,  Premier volume''<br>Paris: [[A. Durand & Fils]], n.d. Plate D. & F. 89",not an original Normal Scan,,University of Toronto,https://imslp.org/wiki/Special:ImagefromIndex/173063,exclude,[[User:Bassani|Bassani]],"Le serment (Gail, Sophie)",https://imslp.org/wiki/Le_serment_%28Gail%2C_Sophie%29
2026-08-31T10:37:25Z,Public Domain,28,2012/3/4,Complete Score,PMLP320330-Barnby_-_Beggar_Maid_Sibley.1802.19245.pdf,Normal Scan,IMSLP183800,"''Songs from the Published Writings of Alfred Tennyson.  Set to Music by Various Composers.''<br>New York: Harper & Brothers, 1880.",IMSLP exact-file record: Public Domain + Normal Scan,,{{SibleyScan|1802/19245}},https://imslp.org/wiki/Special:ImagefromIndex/183800,candidate_pd_scan,[[User:Massenetique|Massenetique]],"The Beggar Maid (Barnby, Joseph)",https://imslp.org/wiki/The_Beggar_Maid_%28Barnby%2C_Joseph%29
2026-08-31T10:37:25Z,,42,,,,,IMSLP184203,,IMSLP work page not resolved,"Ask Me No More (Marshall, Florence Ashton)",,,needs_manual_review,,"Ask Me No More (Marshall, Florence Ashton)",
2026-08-31T10:37:26Z,,26,,,,,IMSLP184205,,IMSLP work page not resolved,"1 The Poet‘s Song (Parry, Hubert)",,,needs_manual_review,,"1 The Poet‘s Song (Parry, Hubert)",
2026-08-31T10:37:27Z,Public Domain,21,2012/3/9,Complete Score,SIBLEY1802.9069.3608-39087012076974score.pdf,Normal Scan,IMSLP185782,{{P|Winthrop Rogers||London||1916||M.68}},IMSLP exact-file record: Public Domain + Normal Scan,,{{SibleyScan|1802/9069}},https://imslp.org/wiki/Special:ImagefromIndex/185782,candidate_pd_scan,[[User:Icactus|Icactus]],"The Violets Blue, H.69 (Bridge, Frank)",https://imslp.org/wiki/The_Violets_Blue%2C_H.69_%28Bridge%2C_Frank%29
2026-08-31T10:37:27Z,,32,,,,,IMSLP19490,,file_id_not_rendered_on_work_page,,,,needs_manual_review,,"5 Madrid, VWV 1136 (Viardot, Pauline)",
2026-08-31T10:37:29Z,Public Domain,10,2012/4/15,Complete Score,PMLP345163-HopekirkMyLadyofSleep413.pdf,,IMSLP204253,"New York: J.O. von Prochaźka, Elite Edition 413, 1885.",not an original Normal Scan,,{{LOC||music/sm1885.25464|0}},https://imslp.org/wiki/Special:ImagefromIndex/204253,exclude,[[User:Schissel|Schissel]],"My Lady of Sleep (Hopekirk, Helen)",https://imslp.org/wiki/My_Lady_of_Sleep_%28Hopekirk%2C_Helen%29
2026-08-31T10:37:29Z,,10,,,,,IMSLP212406,,file_id_not_rendered_on_work_page,,,,needs_manual_review,,"’Tis but a Week, H.146 (Bridge, Frank)",
2026-08-31T10:37:38Z,,2,,,,,IMSLP22647,,raw_file_block_missing,,,,needs_manual_review,,"Villanelle des petits canards (Chabrier, Emmanuel)",
2026-08-31T10:37:38Z,,4,,,,,IMSLP227283,,IMSLP work page not resolved,"5 Scheideblick (Lang, Josephine)",,,needs_manual_review,,"5 Scheideblick (Lang, Josephine)",
2026-08-31T10:37:39Z,Public Domain,8,2012/6/10,Complete Score,SIBLEY1802.18772.1ec1-39087012076958score.pdf,,IMSLP231920,{{P|Boosey & Hawkes||London||1916||2735}},not an original Normal Scan,,{{SibleyScan|1802/18772}},https://imslp.org/wiki/Special:ImagefromIndex/231920,exclude,[[User:Afp0815|Afp0815]],"So Perverse, H.61 (Bridge, Frank)",https://imslp.org/wiki/So_Perverse%2C_H.61_%28Bridge%2C_Frank%29
2026-08-31T10:37:39Z,,19,,,,,IMSLP234590,,IMSLP work page not resolved,"3 Spring, the Sweet Spring (Delius, Frederick)",,,needs_manual_review,,"3 Spring, the Sweet Spring (Delius, Frederick)",
2026-08-31T10:37:41Z,Public Domain,10,2012/6/23,"Complete Score (medium voice, in {{k|F}})",PMLP384375-HorrocksBirdandRosenlamus-an21288672-p.pdf,,IMSLP237206,"London: [[Boosey & Hawkes|Boosey & Co.]], n.d.(1890s?). Plate H.1293.",not an original Normal Scan,,{{NLA|an21288672}},https://imslp.org/wiki/Special:ImagefromIndex/237206,exclude,[[User:Schissel|Schissel]],"The Bird and the Rose (Horrocks, Amy Elsie)",https://imslp.org/wiki/The_Bird_and_the_Rose_%28Horrocks%2C_Amy_Elsie%29
2026-08-31T10:37:41Z,,18,,,,,IMSLP24047,,file_id_not_rendered_on_work_page,,,,needs_manual_review,,"1 Après un rêve (Fauré, Gabriel)",
2026-08-31T10:37:43Z,,15,,,,,IMSLP24051,,IMSLP work page not resolved,"3 Barcarolle (Fauré, Gabriel)",,,needs_manual_review,,"3 Barcarolle (Fauré, Gabriel)",
2026-08-31T10:37:43Z,Public Domain,8,2012/7/22,Complete Score,PMLP394399-GrandvalSacri.pdf,,IMSLP243472,"[[Album_du_Gaulois_(Various)|''Album du Gaulois'']]<br>Paris: Le Gaulois, 1885. Plate G. 1.",not an original Normal Scan,,Coulonnus,https://imslp.org/wiki/Special:ImagefromIndex/243472,exclude,[[User:Coulonnus|Coulonnus]],"Sacrifice (Grandval, Clémence de)",https://imslp.org/wiki/Sacrifice_%28Grandval%2C_Cl%C3%A9mence_de%29
2026-08-31T10:37:43Z,Public Domain,8,2012/10/1,Complete Score,PMLP410074-BrowneReplyMessengerBird.pdf,,IMSLP253076,"Philadelphia: A. Fiot, 1848.",not an original Normal Scan,,{{LOC||music/sm1848.450330|0}},https://imslp.org/wiki/Special:ImagefromIndex/253076,exclude,[[User:Schissel|Schissel]],"The Reply of the Messenger Bird (Browne, Augusta)",https://imslp.org/wiki/The_Reply_of_the_Messenger_Bird_%28Browne%2C_Augusta%29
2026-08-31T10:37:43Z,Creative Commons Attribution-ShareAlike 4.0,28,2024/1/22,Complete Score,PMLP417372-Nobody_Knows_de_Trouble_I-ve_Seen.brf,Typeset,IMSLP257340,"Hu Haipeng, 2021.",file record is not explicitly Public Domain,,editor,https://imslp.org/wiki/Special:ImagefromIndex/257340,exclude,[[User:Feduol|Feduol]],"Nobody Knows de Trouble I've Seen (Burleigh, Harry Thacker)",https://imslp.org/wiki/Nobody_Knows_de_Trouble_I%27ve_Seen_%28Burleigh%2C_Harry_Thacker%29
2026-08-31T10:37:46Z,Public Domain,6,2012/12/18,Complete Score (D major),PMLP425673-Holmes_-_Chanson_de_Jean_Prouvaire_DMaj_MVPf.pdf,,IMSLP262465,"Paris: [[Alphonse Leduc]], n.d.(ca.1871).  Plate A.L.4368.",not an original Normal Scan,,{{BDH}},https://imslp.org/wiki/Special:ImagefromIndex/262465,exclude,[[User:Massenetique|Massenetique]],"La chanson de Jean Prouvaire (Holmès, Augusta Mary Anne)",https://imslp.org/wiki/La_chanson_de_Jean_Prouvaire_%28Holm%C3%A8s%2C_Augusta_Mary_Anne%29
2026-08-31T10:37:46Z,,22,,,,,IMSLP280033,,IMSLP work page not resolved,"1 Ich sagte nicht (Beach, Amy)",,,needs_manual_review,,"1 Ich sagte nicht (Beach, Amy)",
2026-08-31T10:37:47Z,,24,,,,,IMSLP282760,,IMSLP work page not resolved,"Go down, Moses (Burleigh, Harry Thacker)",,,needs_manual_review,,"Go down, Moses (Burleigh, Harry Thacker)",
2026-08-31T10:37:48Z,Public Domain,24,2013/6/19,Complete Score,SIBLEY1802.15817.dfa2-39087014367694bouton.pdf,Normal Scan,IMSLP285344,"New York: [[Boosey & Co.]], 1899. Plate H. 2678.",IMSLP exact-file record: Public Domain + Normal Scan,,{{SibleyScan|1802/15817}},https://imslp.org/wiki/Special:ImagefromIndex/285344,candidate_pd_scan,[[User:Yoder|Yoder]],"Bouton de Rose (Lehmann, Amelia)",https://imslp.org/wiki/Bouton_de_Rose_%28Lehmann%2C_Amelia%29
2026-08-31T10:37:48Z,Public Domain,18,2013/6/19,Complete Score,SIBLEY1802.15819.3a93-39087014367694delicious.pdf,,IMSLP285345,"London: [[Boosey & Co.]], 1897. Plate H. 1907.",not an original Normal Scan,,{{SibleyScan|1802/15819}},https://imslp.org/wiki/Special:ImagefromIndex/285345,exclude,[[User:Yoder|Yoder]],"How Delicious is the Winning (Lehmann, Amelia)",https://imslp.org/wiki/How_Delicious_is_the_Winning_%28Lehmann%2C_Amelia%29
2026-08-31T10:37:48Z,Public Domain,22,2013/6/19,Complete Score,SIBLEY1802.15822.ea9c-39087014367694highland.pdf,,IMSLP285346,"London: [[Boosey & Co.]], n.d. Plate H. 226.",not an original Normal Scan,,{{SibleyScan|1802/15822}},https://imslp.org/wiki/Special:ImagefromIndex/285346,exclude,[[User:Yoder|Yoder]],"The Highland Plaid (Lehmann, Amelia)",https://imslp.org/wiki/The_Highland_Plaid_%28Lehmann%2C_Amelia%29
2026-08-31T10:37:48Z,Public Domain,22,2013/6/19,Complete Score,SIBLEY1802.15823.5a15-39087014367694kind.pdf,,IMSLP285347,"London: [[Boosey & Co.]], n.d. Plate H. 506.",not an original Normal Scan,,{{SibleyScan|1802/15823}},https://imslp.org/wiki/Special:ImagefromIndex/285347,exclude,[[User:Yoder|Yoder]],"When Love is Kind (Lehmann, Amelia)",https://imslp.org/wiki/When_Love_is_Kind_%28Lehmann%2C_Amelia%29
2026-08-31T10:37:48Z,Public Domain,24,2013/6/19,Complete Score,SIBLEY1802.15832.b70c-39087014367694wisdom.pdf,,IMSLP285360,"London: [[Boosey & Co.]], 1893. Plate H. 736.",not an original Normal Scan,,{{SibleyScan|1802/15832}},https://imslp.org/wiki/Special:ImagefromIndex/285360,exclude,[[User:Yoder|Yoder]],"Wisdom and Love (Lehmann, Amelia)",https://imslp.org/wiki/Wisdom_and_Love_%28Lehmann%2C_Amelia%29
2026-08-31T10:37:48Z,,28,,,,,IMSLP286578,,IMSLP work page not resolved,"Then and now (Gray, Louisa)",,,needs_manual_review,,"Then and now (Gray, Louisa)",
2026-08-31T10:37:48Z,,32,,,,,IMSLP286659,,IMSLP work page not resolved,"He doesn’t love me (Gray, Louisa)",,,needs_manual_review,,"He doesn’t love me (Gray, Louisa)",
2026-08-31T10:37:49Z,Public Domain,29,2014/6/13,Complete Score (E minor: high voice),PMLP532927-Grandval_-_Bohemien_-_vpf-bdh.pdf,,IMSLP329302,{{P|Heugel||Paris|n.d.[1865]|1865||H.3187(2)}},not an original Normal Scan,,{{BDH|bnesearch/detalle/bdh0000121228}},https://imslp.org/wiki/Special:ImagefromIndex/329302,exclude,[[User:Massenetique|Massenetique]],"Le bohémien (Grandval, Clémence de)",https://imslp.org/wiki/Le_boh%C3%A9mien_%28Grandval%2C_Cl%C3%A9mence_de%29
2026-08-31T10:37:49Z,Public Domain,2,2014/6/13,Complete Score,PMLP532930-Grandval_-_Delaissee_-_vpf-bdh.pdf,,IMSLP329303,{{P|Heugel||Paris|n.d.[1867]|1867||H.3475}},not an original Normal Scan,,{{BDH|bnesearch/detalle/bdh0000123847}},https://imslp.org/wiki/Special:ImagefromIndex/329303,exclude,[[User:Massenetique|Massenetique]],"La délaissée (Grandval, Clémence de)",https://imslp.org/wiki/La_d%C3%A9laiss%C3%A9e_%28Grandval%2C_Cl%C3%A9mence_de%29
2026-08-31T10:37:49Z,Public Domain,20,2014/6/13,Complete Score (F major: medium voice),PMLP532939-Grandval_-_Lucioles_-_vpf-bdh.pdf,,IMSLP329304,{{P|Heugel||Paris|n.d.[1866]|1866||H.3327(1)}},not an original Normal Scan,,{{BDH|bnesearch/detalle/bdh0000121227}},https://imslp.org/wiki/Special:ImagefromIndex/329304,exclude,[[User:Massenetique|Massenetique]],"Les lucioles (Grandval, Clémence de)",https://imslp.org/wiki/Les_lucioles_%28Grandval%2C_Cl%C3%A9mence_de%29
2026-08-31T10:37:49Z,Public Domain,6,2009/6/18,Complete Score (in {{K|F}}),SIBLEY1802.3973.9583.faaa-39087011984780.pdf,Normal Scan,IMSLP33023,{{P|Boosey & Hawkes|Boosey & Co.|London||1908||H. 5965}},IMSLP exact-file record: Public Domain + Normal Scan,,{{SibleyScan|1802/3973}},https://imslp.org/wiki/Special:ImagefromIndex/33023,candidate_pd_scan,[[User:Mattheson78|Mattheson78]],"Is She Not Passing Fair? (Elgar, Edward)",https://imslp.org/wiki/Is_She_Not_Passing_Fair%3F_%28Elgar%2C_Edward%29
2026-08-31T10:37:50Z,Public Domain,36,,Complete Score,PMLP641831-abrams_crazy_jane_turnpikegatecomi00mazz.pdf,,IMSLP396671,{{P|Mori & Lavenu|L. Lavenu|London||||}},not an original Normal Scan,,,https://imslp.org/wiki/Special:ImagefromIndex/396671,exclude,,"Crazy Jane (Abrams, Harriett)",https://imslp.org/wiki/Crazy_Jane_%28Abrams%2C_Harriett%29
2026-08-31T10:37:50Z,,2,,,,,IMSLP397171,,IMSLP work page not resolved,"Five o’clock in the morning (Barnard, Charlotte Alington - aka Claribel)",,,needs_manual_review,,"Five o’clock in the morning (Barnard, Charlotte Alington - aka Claribel)",
2026-08-31T10:37:51Z,,29,,,,,IMSLP397173,,IMSLP work page not resolved,"Milly’s Faith (Barnard, Charlotte Alington - aka Claribel)",,,needs_manual_review,,"Milly’s Faith (Barnard, Charlotte Alington - aka Claribel)",
2026-08-31T10:37:51Z,,18,,,,,IMSLP41375,,IMSLP work page not resolved,"2 Abschiedslied der Zugvögel, MWV J 9 (Mendelssohn, Felix)",,,needs_manual_review,,"2 Abschiedslied der Zugvögel, MWV J 9 (Mendelssohn, Felix)",
2026-08-31T10:37:53Z,,14,,,,,IMSLP414132,,IMSLP work page not resolved,"I know a lovely garden (Hardelot, Guy d’)",,,needs_manual_review,,"I know a lovely garden (Hardelot, Guy d’)",
2026-08-31T10:37:53Z,,6,,,,,IMSLP420543,,file_id_not_rendered_on_work_page,,,,needs_manual_review,,"6 Vœu (Jaëll, Marie)",
2026-08-31T10:37:55Z,Public Domain,6,2016/5/9,Complete score,PMLP685494-HARDELOT_The_Little_White_Town.pdf,,IMSLP422393,{{P|Chappell|Chappell & Co|London||1904||6502}},not an original Normal Scan,,Adam Ramet,https://imslp.org/wiki/Special:ImagefromIndex/422393,exclude,[[User:Themodist.com|Adam Ramet]],"The Little White Town (Hardelot, Guy d')",https://imslp.org/wiki/The_Little_White_Town_%28Hardelot%2C_Guy_d%27%29
2026-08-31T10:37:57Z,Public Domain,61,2016/8/8,Complete Score,PMLP706018-Helena-Osterns_natt_duett_score.pdf,Normal Scan,IMSLP434340,"Stockholm: Abr. Lundquists förlag, n.d[1894]. Plate Abr. L. 2875.",IMSLP exact-file record: Public Domain + Normal Scan,,{{SMH}},https://imslp.org/wiki/Special:ImagefromIndex/434340,candidate_pd_scan,[[User:Igor stravinsky|IS]],"Österns natt (Munktell, Helena)",https://imslp.org/wiki/%C3%96sterns_natt_%28Munktell%2C_Helena%29
2026-08-31T10:37:57Z,,32,,,,,IMSLP435041,,IMSLP work page not resolved,"1 It was a Lover and His Lass (Delius, Frederick)",,,needs_manual_review,,"1 It was a Lover and His Lass (Delius, Frederick)",
2026-08-31T10:37:58Z,Public Domain,13,2016/8/16,Complete Score,PMLP707817-Attente.pdf,,IMSLP435483,{{P|Ricordi|Société Anonyme des Éditions Ricordi|Paris|1918|||R. 535}},not an original Normal Scan,,{{UM}},https://imslp.org/wiki/Special:ImagefromIndex/435483,exclude,[[User:Reiny|Reiny]],"Attente (Boulanger, Lili)",https://imslp.org/wiki/Attente_%28Boulanger%2C_Lili%29
2026-08-31T10:37:58Z,Public Domain,13,2016/8/17,Complete Score,PMLP707821-Reflets.pdf,,IMSLP435485,{{P|Ricordi||Paris||1919||R. 563}},not an original Normal Scan,,Univ. of Mich.,https://imslp.org/wiki/Special:ImagefromIndex/435485,exclude,[[User:Reiny|Reiny]],"Reflets (Boulanger, Lili)",https://imslp.org/wiki/Reflets_%28Boulanger%2C_Lili%29
2026-08-31T10:37:58Z,,21,,,,,IMSLP43630,,IMSLP work page not resolved,"3 Gruss, MWV J 8 (Mendelssohn, Felix)",,,needs_manual_review,,"3 Gruss, MWV J 8 (Mendelssohn, Felix)",
2026-08-31T10:38:00Z,,39,,,,,IMSLP43758,,IMSLP work page not resolved,"4 Herbstlied, MWV J 11 (Mendelssohn, Felix)",,,needs_manual_review,,"4 Herbstlied, MWV J 11 (Mendelssohn, Felix)",
2026-08-31T10:38:01Z,,2,,,,,IMSLP43916,,IMSLP work page not resolved,"5 Volkslied, MWV J 10 (Mendelssohn, Felix)",,,needs_manual_review,,"5 Volkslied, MWV J 10 (Mendelssohn, Felix)",
2026-08-31T10:38:03Z,,69,,,,,IMSLP44341,,IMSLP work page not resolved,"6 Maiglöckchen und die Blümelein, MWV J 7 (Mendelssohn, Felix)",,,needs_manual_review,,"6 Maiglöckchen und die Blümelein, MWV J 7 (Mendelssohn, Felix)",
2026-08-31T10:38:05Z,Public Domain,23,2017/1/1,Complete Score,PMLP737489-Hodges-Dreams-orig.pdf,,IMSLP453689,{{P|Lee & Walker||Philadelphia||||5395 9}},not an original Normal Scan,,{{plain|http://levysheetmusic.mse.jhu.edu/catalog/levy:174.088|Levy Sheet Music}},https://imslp.org/wiki/Special:ImagefromIndex/453689,exclude,[[User:Stefan Apke|Stefan Apke]],"Dreams (Hodges, Faustina Hasse)",https://imslp.org/wiki/Dreams_%28Hodges%2C_Faustina_Hasse%29
2026-08-31T10:38:05Z,Public Domain,2,2017/1/19,Complete Score,PMLP741441-BOULANGER_dans_l'immense_tristesse.pdf,,IMSLP456168,{{P|Ricordi||Paris||1919||R. 484}},not an original Normal Scan,,{{BNF}},https://imslp.org/wiki/Special:ImagefromIndex/456168,exclude,[[User:Ys|Ys]],"Dans l'immense tristesse (Boulanger, Lili)",https://imslp.org/wiki/Dans_l%27immense_tristesse_%28Boulanger%2C_Lili%29
2026-08-31T10:38:06Z,,16,,,,,IMSLP476181,,IMSLP work page not resolved,"1 Roister Doister (Warlock, Peter)",,,needs_manual_review,,"1 Roister Doister (Warlock, Peter)",
2026-08-31T10:38:07Z,,15,,,,,IMSLP476183,,IMSLP work page not resolved,"3 Lusty Juventus (Warlock, Peter)",,,needs_manual_review,,"3 Lusty Juventus (Warlock, Peter)",
2026-08-31T10:38:08Z,Public Domain,22,2018/1/2,Complete Score,PMLP822097-Ferrari_Trennung.pdf,Normal Scan,IMSLP507203,{{P|Johann André||Offenbach|{{HMB|1875|266}}|||11896}},IMSLP exact-file record: Public Domain + Normal Scan,,afp0815,https://imslp.org/wiki/Special:ImagefromIndex/507203,candidate_pd_scan,[[User:Afp0815|Afp0815]],"Lontan dagli occhi, lontan dal cuore, Op.17 (Ferrari, Gabrielle)",https://imslp.org/wiki/Lontan_dagli_occhi%2C_lontan_dal_cuore%2C_Op.17_%28Ferrari%2C_Gabrielle%29
2026-08-31T10:38:08Z,Public Domain,20,2018/1/12,Low Version ({{K|Db}}),PMLP824313-NLA_Har_Dawn_lo_Dfl.pdf,,IMSLP508574,"{{P|Chappell||London||1902||21487, 5029}}",not an original Normal Scan,,{{NLA}},https://imslp.org/wiki/Special:ImagefromIndex/508574,exclude,[[User:Schalltrichter|Schalltrichter]],"The Dawn (Hardelot, Guy d')",https://imslp.org/wiki/The_Dawn_%28Hardelot%2C_Guy_d%27%29
2026-08-31T10:38:10Z,Public Domain,8,2018/9/19,Complete Score,PMLP875683-de19442d60810a7087a30128572bf12d.pdf,,IMSLP542017,{{P|J. Curwen & Sons|J. Curwen & Sons Ltd.|London||||}},not an original Normal Scan,,Phillip21,https://imslp.org/wiki/Special:ImagefromIndex/542017,exclude,[[User:Phillip21|Phillip21]],"To England (Barnby, Joseph)",https://imslp.org/wiki/To_England_%28Barnby%2C_Joseph%29
2026-08-31T10:38:10Z,,3,,,,,IMSLP55434,,IMSLP work page not resolved,"4 L’Heure d’Azur (Holmès, Augusta Mary Anne)",,,needs_manual_review,,"4 L’Heure d’Azur (Holmès, Augusta Mary Anne)",
2026-08-31T10:38:11Z,,24,,,,,IMSLP555778,,file_id_not_rendered_on_work_page,,,,needs_manual_review,,"2 The River (Elgar, Edward)",
2026-08-31T10:38:12Z,Public Domain,22,2019/1/11,Complete Score ({{K|C}}),PMLP897125-327788a2bf2d0036998c3c84b5485681.pdf,,IMSLP556523,{{P|Chappell||London||1909||23893}},not an original Normal Scan,,Phillip21,https://imslp.org/wiki/Special:ImagefromIndex/556523,exclude,[[User:Phillip21|Phillip21]],"In 1822 (Hardelot, Guy d')",https://imslp.org/wiki/In_1822_%28Hardelot%2C_Guy_d%27%29
2026-08-31T10:38:14Z,,16,,,,,IMSLP557086,,IMSLP work page not resolved,"1 La main (Viardot, Pauline)",,,needs_manual_review,,"1 La main (Viardot, Pauline)",
2026-08-31T10:38:15Z,,14,,,,,IMSLP557087,,IMSLP work page not resolved,"2 Dernier aveu (Viardot, Pauline)",,,needs_manual_review,,"2 Dernier aveu (Viardot, Pauline)",
2026-08-31T10:38:16Z,,20,,,,,IMSLP557088,,IMSLP work page not resolved,"3b J’en mourrai (Viardot, Pauline)",,,needs_manual_review,,"3b J’en mourrai (Viardot, Pauline)",
2026-08-31T10:38:16Z,,29,,,,,IMSLP557090,,IMSLP work page not resolved,"5 Gentilles hirondelles (Viardot, Pauline)",,,needs_manual_review,,"5 Gentilles hirondelles (Viardot, Pauline)",
2026-08-31T10:38:17Z,Public Domain,6,2019/1/26,"Complete Score ({{K|Bb}}, low voice)",PMLP900175-Hard_Afterwads_love.pdf,,IMSLP558603,{{P|Chappell||Melbourne||1903||21830}},not an original Normal Scan,,{{NLA}},https://imslp.org/wiki/Special:ImagefromIndex/558603,exclude,[[User:Schalltrichter|Schalltrichter]],"Afterwards, love (Hardelot, Guy d')",https://imslp.org/wiki/Afterwards%2C_love_%28Hardelot%2C_Guy_d%27%29
2026-08-31T10:38:19Z,,12,,,,,IMSLP558609,,IMSLP work page not resolved,"I knew (Hardelot, Guy d’)",,,needs_manual_review,,"I knew (Hardelot, Guy d’)",
2026-08-31T10:38:20Z,,38,,,,,IMSLP558713,,IMSLP work page not resolved,"A Hymn for Aviators (Parry, Hubert)",,,needs_manual_review,,"A Hymn for Aviators (Parry, Hubert)",
2026-08-31T10:38:20Z,,24,,,,,IMSLP578231,,IMSLP work page not resolved,"6 Chrysa (Grandval, Clémence de)",,,needs_manual_review,,"6 Chrysa (Grandval, Clémence de)",
2026-08-31T10:38:21Z,Public Domain,6,2019/7/5,Complete Score,PMLP933607-Lamento_Poe-sie_de_The-ophile_Gautier_-...-Viardot.pdf,,IMSLP580179,{{P|Enoch||Paris||||E. F. & C. 1248}},not an original Normal Scan,,{{BNF}},https://imslp.org/wiki/Special:ImagefromIndex/580179,exclude,[[User:Berwald|Berwald]],"Lamento, VWV 1139 (Viardot, Pauline)",https://imslp.org/wiki/Lamento%2C_VWV_1139_%28Viardot%2C_Pauline%29
2026-08-31T10:38:21Z,,10,,,,,IMSLP580246,,IMSLP work page not resolved,"1 À la Fontaine, VWV 1133 (Viardot, Pauline)",,,needs_manual_review,,"1 À la Fontaine, VWV 1133 (Viardot, Pauline)",
2026-08-31T10:38:23Z,,14,,,,,IMSLP580250,,IMSLP work page not resolved,"4 Sérénade à Rosine, VWV 1137 (Viardot, Pauline)",,,needs_manual_review,,"4 Sérénade à Rosine, VWV 1137 (Viardot, Pauline)",
2026-08-31T10:38:25Z,,22,,,,,IMSLP580410,,IMSLP work page not resolved,"3 Ici-bas tous les lilas meurent, VWV 1176 (Viardot, Pauline)",,,needs_manual_review,,"3 Ici-bas tous les lilas meurent, VWV 1176 (Viardot, Pauline)",
2026-08-31T10:38:26Z,,28,,,,,IMSLP580411,,IMSLP work page not resolved,"6 Les filles de Cadix, VWV 1135 (Viardot, Pauline)",,,needs_manual_review,,"6 Les filles de Cadix, VWV 1135 (Viardot, Pauline)",
2026-08-31T10:38:28Z,,24,,,,,IMSLP580584,,IMSLP work page not resolved,"6b Chanson mélancolique (Viardot, Pauline)",,,needs_manual_review,,"6b Chanson mélancolique (Viardot, Pauline)",
2026-08-31T10:38:29Z,Public Domain,16,2019/7/16,Complete Score,PMLP935669-Viardot_Andromaque.pdf,,IMSLP581585,{{P|Heugel||Paris|n.d.(ca.1887)|||H. 6415(2)}},not an original Normal Scan,,|Uploader=[[User:IgorCello|IgorCello]],https://imslp.org/wiki/Special:ImagefromIndex/581585,exclude,,"Scène d’Hermione, VWV 1007 (Viardot, Pauline)",https://imslp.org/wiki/Sc%C3%A8ne_d%E2%80%99Hermione%2C_VWV_1007_%28Viardot%2C_Pauline%29
2026-08-31T10:38:29Z,Public Domain,11,2019/7/16,Complete Score,PMLP935671-Viardot_Desespoir.pdf,,IMSLP581586,{{P|Enoch||Paris|n.d.(ca.1886)|||E. F. & C. 1250}},not an original Normal Scan,,|Uploader=[[User:IgorCello|IgorCello]],https://imslp.org/wiki/Special:ImagefromIndex/581586,exclude,,"Désespoir, VWV 1138 (Viardot, Pauline)",https://imslp.org/wiki/D%C3%A9sespoir%2C_VWV_1138_%28Viardot%2C_Pauline%29
2026-08-31T10:38:29Z,,2,,,,,IMSLP582024,,IMSLP work page not resolved,"2 Wenn du wärst mein eigen (Lang, Josephine)",,,needs_manual_review,,"2 Wenn du wärst mein eigen (Lang, Josephine)",
2026-08-31T10:38:30Z,,2,,,,,IMSLP584272,,file_id_not_rendered_on_work_page,,,,needs_manual_review,,"Ogier le Danois (Holmès, Augusta Mary Anne)",
2026-08-31T10:38:30Z,,14,,,,,IMSLP584726,,IMSLP work page not resolved,"3 Sérénade d’automne (Holmès, Augusta Mary Anne)",,,needs_manual_review,,"3 Sérénade d’automne (Holmès, Augusta Mary Anne)",
2026-08-31T10:38:30Z,,2,,,,,IMSLP584727,,IMSLP work page not resolved,"2 Sérénade d’été (Holmès, Augusta Mary Anne)",,,needs_manual_review,,"2 Sérénade d’été (Holmès, Augusta Mary Anne)",
2026-08-31T10:38:31Z,,10,,,,,IMSLP588109,,IMSLP work page not resolved,"4 La Belle Madeleine (Holmès, Augusta Mary Anne)",,,needs_manual_review,,"4 La Belle Madeleine (Holmès, Augusta Mary Anne)",
2026-08-31T10:38:32Z,Public Domain,8,2019/9/8,Complete score,PMLP947417-Le_ruban_rose_1_-...-Holme-s.pdf,,IMSLP588848,{{P|Grus||Paris|1899|||L.G. 4568 (N° 2)}},not an original Normal Scan,,{{BNF}},https://imslp.org/wiki/Special:ImagefromIndex/588848,exclude,[[User:Berwald|Berwald]],"Le ruban rose (Holmès, Augusta Mary Anne)",https://imslp.org/wiki/Le_ruban_rose_%28Holm%C3%A8s%2C_Augusta_Mary_Anne%29
2026-08-31T10:38:32Z,Public Domain,16,2019/9/8,Complete Score,PMLP947427-A-_Trianon_ton_original_-...-Holme-s.pdf,,IMSLP588852,{{P|Durand||Paris||||D. & F. 5106}},not an original Normal Scan,,{{BNF}},https://imslp.org/wiki/Special:ImagefromIndex/588852,exclude,[[User:Berwald|Berwald]],"À Trianon (Holmès, Augusta Mary Anne)",https://imslp.org/wiki/%C3%80_Trianon_%28Holm%C3%A8s%2C_Augusta_Mary_Anne%29
2026-08-31T10:38:32Z,,37,,,,,IMSLP588989,,IMSLP work page not resolved,"3 Le chemin du ciel (Holmès, Augusta Mary Anne)",,,needs_manual_review,,"3 Le chemin du ciel (Holmès, Augusta Mary Anne)",
2026-08-31T10:38:34Z,,5,,,,,IMSLP588990,,IMSLP work page not resolved,"5 La légende de Saint Amour (Holmès, Augusta Mary Anne)",,,needs_manual_review,,"5 La légende de Saint Amour (Holmès, Augusta Mary Anne)",
2026-08-31T10:38:35Z,,2,,,,,IMSLP589001,,IMSLP work page not resolved,"1 Dans les boutons d’or (Holmès, Augusta Mary Anne)",,,needs_manual_review,,"1 Dans les boutons d’or (Holmès, Augusta Mary Anne)",
2026-08-31T10:38:36Z,,16,,,,,IMSLP589004,,IMSLP work page not resolved,"2 Sous les orangers (Holmès, Augusta Mary Anne)",,,needs_manual_review,,"2 Sous les orangers (Holmès, Augusta Mary Anne)",
2026-08-31T10:38:37Z,,26,,,,,IMSLP589008,,IMSLP work page not resolved,"3 Au bois dormant (Holmès, Augusta Mary Anne)",,,needs_manual_review,,"3 Au bois dormant (Holmès, Augusta Mary Anne)",
2026-08-31T10:38:38Z,Public Domain,20,2019/9/9,Complete score,PMLP947916-Viens_de-cembre_1870_-...-Holme-s.pdf,,IMSLP589118,{{P|Grus||Paris|1892|||L.G. 4683}},not an original Normal Scan,,{{BNF}},https://imslp.org/wiki/Special:ImagefromIndex/589118,exclude,[[User:Berwald|Berwald]],"Viens! (Holmès, Augusta Mary Anne)",https://imslp.org/wiki/Viens%21_%28Holm%C3%A8s%2C_Augusta_Mary_Anne%29
2026-08-31T10:38:38Z,Public Domain,33,2019/10/7,Complete Score,PMLP953779-1_Horrocks_cottage.pdf.pdf,,IMSLP592442,"''St. Cecilia'', Series 10, No.24<br>{{P|Joseph Williams|Joseph Williams Ltd.|London||1908||J.W. 13488}}",not an original Normal Scan,,Phillip21,https://imslp.org/wiki/Special:ImagefromIndex/592442,exclude,[[User:Phillip21|Phillip21]],"Cottage Cradle Song (Horrocks, Amy Elsie)",https://imslp.org/wiki/Cottage_Cradle_Song_%28Horrocks%2C_Amy_Elsie%29
2026-08-31T10:38:38Z,,20,,,,,IMSLP593990,,IMSLP work page not resolved,"There rolls the deep (Parry, Hubert)",,,needs_manual_review,,"There rolls the deep (Parry, Hubert)",
2026-08-31T10:38:38Z,Public Domain,9,2019/11/17,Complete Score,PMLP961315-Holmes_TonNom.pdf,,IMSLP597597,{{AlbMus|6|1903|}},not an original Normal Scan,,{{BNF}},https://imslp.org/wiki/Special:ImagefromIndex/597597,exclude,[[User:Morel|Morel]],"Ton nom (Holmès, Augusta Mary Anne)",https://imslp.org/wiki/Ton_nom_%28Holm%C3%A8s%2C_Augusta_Mary_Anne%29
2026-08-31T10:38:38Z,Public Domain,8,2019/11/26,Complete Score {{Vk|high|C}},PMLP281751-Chaminade_Bonne_humeur.pdf,,IMSLP598858,{{AlbMus|15|1903|}},not an original Normal Scan,,{{BNF}},https://imslp.org/wiki/Special:ImagefromIndex/598858,exclude,[[User:Morel|Morel]],"Bonne humeur (Chaminade, Cécile)",https://imslp.org/wiki/Bonne_humeur_%28Chaminade%2C_C%C3%A9cile%29
2026-08-31T10:38:38Z,Public Domain,2,2019/12/10,Complete Score,PMLP966630-Dona_adelaide.pdf,,IMSLP600893,{{P|Manoel Antônio Guimarães||Rio de Janeiro|n.d.(ca.1900)|||4651}},not an original Normal Scan,,[http://acervo.casadochoro.com.br/works/view/2584 Casa do Choro],https://imslp.org/wiki/Special:ImagefromIndex/600893,exclude,[[User:Lucas-coelho|Lucas-coelho]],"Dona Adelaide (Gonzaga, Chiquinha)",https://imslp.org/wiki/Dona_Adelaide_%28Gonzaga%2C_Chiquinha%29
2026-08-31T10:38:38Z,Public Domain,6,2019/12/10,Complete Score,PMLP966634-Feijoada_do_Brasil.pdf,,IMSLP600895,{{P|Vieira Machado & Cia.||Rio de Janeiro||1909||1569}},not an original Normal Scan,,[http://acervo.casadochoro.com.br/works/view/6006 Casa do Choro],https://imslp.org/wiki/Special:ImagefromIndex/600895,exclude,[[User:Lucas-coelho|Lucas-coelho]],"Feijoada do Brasil (Gonzaga, Chiquinha)",https://imslp.org/wiki/Feijoada_do_Brasil_%28Gonzaga%2C_Chiquinha%29
2026-08-31T10:38:38Z,Public Domain,24,2019/12/30,Complete Score,PMLP970808-1_Horrocks_cuckoo.pdf.pdf,,IMSLP603446,"''Augener's Edition (Vocal Duets for Female Voices)'', No.4188.<br>{{P|Augener|Augener Ltd.|London|n.d.[1905]|||12904}}",not an original Normal Scan,,Phillip21,https://imslp.org/wiki/Special:ImagefromIndex/603446,exclude,[[User:Phillip21|Phillip21]],"The Cuckoo (Horrocks, Amy Elsie)",https://imslp.org/wiki/The_Cuckoo_%28Horrocks%2C_Amy_Elsie%29
2026-08-31T10:38:38Z,Public Domain,69,2020/1/10,Complete Score,PMLP973406-Horrocks_blackbird.pdf,,IMSLP605026,"''Augener's Edition (Vocal Duets for Female Voices)'', No.4187.<br>{{P|Augener|Augener & Co.|London|n.d.[1905]|||12905}}",not an original Normal Scan,,Phillip21,https://imslp.org/wiki/Special:ImagefromIndex/605026,exclude,[[User:Phillip21|Phillip21]],"The Blackbird (Horrocks, Amy Elsie)",https://imslp.org/wiki/The_Blackbird_%28Horrocks%2C_Amy_Elsie%29
2026-08-31T10:38:38Z,Public Domain,8,2020/1/17,Complete Score,PMLP974918-Cá_por_couzas.pdf,,IMSLP606009,{{P|Vieira Machado & Cia.||Rio de Janeiro||||4892}},not an original Normal Scan,,{{plain|http://acervo.casadochoro.com.br/files/uploads/scores/score_8191.pdf|Acervo Casa do Choro}},https://imslp.org/wiki/Special:ImagefromIndex/606009,exclude,[[User:Lucas-coelho|Lucas-coelho]],"Cá por coisas!... (Gonzaga, Chiquinha)",https://imslp.org/wiki/C%C3%A1_por_coisas%21..._%28Gonzaga%2C_Chiquinha%29
2026-08-31T10:38:40Z,Public Domain,8,2020/1/18,Complete Score,PMLP974993-Manhã_de_amor.pdf,,IMSLP606057,{{P|Arthur Napoleão||Rio de Janeiro|n.d.[1881]|||2186}},not an original Normal Scan,,{{plain|http://acervo.casadochoro.com.br/files/uploads/scores/score_3741.pdf|Acervo Casa do Choro}},https://imslp.org/wiki/Special:ImagefromIndex/606057,exclude,[[User:Lucas-coelho|Lucas-coelho]],"Manhã de amor (Gonzaga, Chiquinha)",https://imslp.org/wiki/Manh%C3%A3_de_amor_%28Gonzaga%2C_Chiquinha%29
2026-08-31T10:38:40Z,Public Domain,48,,Complete Score,PMLP20925-Schubert_Werke_Breitkopf_Serie_XX_Band_9_F.S.918.pdf,Normal Scan,IMSLP60848,{{FPSSongs|552|918|125-29|9|1895}},IMSLP exact-file record: Public Domain + Normal Scan,,,https://imslp.org/wiki/Special:ImagefromIndex/60848,candidate_pd_scan,,"Die Sterne, D.939 (Schubert, Franz)",https://imslp.org/wiki/Die_Sterne%2C_D.939_%28Schubert%2C_Franz%29
2026-08-31T10:38:43Z,,12,,,,,IMSLP61111,,file_id_not_rendered_on_work_page,,,,needs_manual_review,,"2 Dass sie hier gewesen (Schubert, Franz)",
2026-08-31T10:38:44Z,,28,,,,,IMSLP61112,,file_id_not_rendered_on_work_page,,,,needs_manual_review,,"3 Du bist die Ruh (Schubert, Franz)",
2026-08-31T10:38:46Z,,24,,,,,IMSLP61117,,file_id_not_rendered_on_work_page,,,,needs_manual_review,,"1 Greisengesang, D.778 (Schubert, Franz)",
2026-08-31T10:38:48Z,,34,,,,,IMSLP617260,,IMSLP work page not resolved,"1 In Welschland (Lang, Josephine)",,,needs_manual_review,,"1 In Welschland (Lang, Josephine)",
2026-08-31T10:38:49Z,,2,,,,,IMSLP617446,,IMSLP work page not resolved,"La chanson de ma mie (Hardelot, Guy d’)",,,needs_manual_review,,"La chanson de ma mie (Hardelot, Guy d’)",
2026-08-31T10:38:49Z,,6,,,,,IMSLP618722,,IMSLP work page not resolved,"One who never turned his back (Mackenzie, Alexander)",,,needs_manual_review,,"One who never turned his back (Mackenzie, Alexander)",
2026-08-31T10:38:50Z,,14,,,,,IMSLP621593,,IMSLP work page not resolved,"2 Niederländisches Wiegenlied (Faisst, Clara Mathilda)",,,needs_manual_review,,"2 Niederländisches Wiegenlied (Faisst, Clara Mathilda)",
2026-08-31T10:38:51Z,,16,,,,,IMSLP621598,,IMSLP work page not resolved,"3 Letzter Wunsch (Faisst, Clara Mathilda)",,,needs_manual_review,,"3 Letzter Wunsch (Faisst, Clara Mathilda)",
2026-08-31T10:38:51Z,,10,,,,,IMSLP621599,,IMSLP work page not resolved,"5 In der Mondnacht (Faisst, Clara Mathilda)",,,needs_manual_review,,"5 In der Mondnacht (Faisst, Clara Mathilda)",
2026-08-31T10:38:52Z,,28,,,,,IMSLP621830,,IMSLP work page not resolved,"1 Ich glaub’, lieber Schatz (Faisst, Clara Mathilda)",,,needs_manual_review,,"1 Ich glaub’, lieber Schatz (Faisst, Clara Mathilda)",
2026-08-31T10:38:54Z,,26,,,,,IMSLP621831,,IMSLP work page not resolved,"2 Hast nicht ein einzig Mal zurückgeschaut (Faisst, Clara Mathilda)",,,needs_manual_review,,"2 Hast nicht ein einzig Mal zurückgeschaut (Faisst, Clara Mathilda)",
2026-08-31T10:38:55Z,,21,,,,,IMSLP621832,,IMSLP work page not resolved,"4 Jugend (Faisst, Clara Mathilda)",,,needs_manual_review,,"4 Jugend (Faisst, Clara Mathilda)",
2026-08-31T10:38:56Z,,5,,,,,IMSLP621841,,IMSLP work page not resolved,"1 Die Insel der Vergessenheit (Faisst, Clara Mathilda)",,,needs_manual_review,,"1 Die Insel der Vergessenheit (Faisst, Clara Mathilda)",
2026-08-31T10:38:57Z,,4,,,,,IMSLP621842,,IMSLP work page not resolved,"2 Das mitleidige Mädel (Faisst, Clara Mathilda)",,,needs_manual_review,,"2 Das mitleidige Mädel (Faisst, Clara Mathilda)",
2026-08-31T10:38:58Z,,12,,,,,IMSLP622102,,IMSLP work page not resolved,"1 Wanderlied (Faisst, Clara Mathilda)",,,needs_manual_review,,"1 Wanderlied (Faisst, Clara Mathilda)",
2026-08-31T10:38:59Z,,6,,,,,IMSLP622103,,IMSLP work page not resolved,"2 Riport a me (Piemontesisches Lied) (Faisst, Clara Mathilda)",,,needs_manual_review,,"2 Riport a me (Piemontesisches Lied) (Faisst, Clara Mathilda)",
2026-08-31T10:38:59Z,,10,,,,,IMSLP622104,,IMSLP work page not resolved,"3 Die innere Stadt (Faisst, Clara Mathilda)",,,needs_manual_review,,"3 Die innere Stadt (Faisst, Clara Mathilda)",
2026-08-31T10:39:00Z,,5,,,,,IMSLP622105,,IMSLP work page not resolved,"4 Dulde, gedulde dich fein (Faisst, Clara Mathilda)",,,needs_manual_review,,"4 Dulde, gedulde dich fein (Faisst, Clara Mathilda)",
2026-08-31T10:39:02Z,,16,,,,,IMSLP622484,,IMSLP work page not resolved,"1 Du liebe Erde (Faisst, Clara Mathilda)",,,needs_manual_review,,"1 Du liebe Erde (Faisst, Clara Mathilda)",
2026-08-31T10:39:03Z,,12,,,,,IMSLP622485,,IMSLP work page not resolved,"2 Lied der Nacht (Faisst, Clara Mathilda)",,,needs_manual_review,,"2 Lied der Nacht (Faisst, Clara Mathilda)",
2026-08-31T10:39:04Z,,24,,,,,IMSLP622486,,IMSLP work page not resolved,"3 Sehnsucht (Faisst, Clara Mathilda)",,,needs_manual_review,,"3 Sehnsucht (Faisst, Clara Mathilda)",
2026-08-31T10:39:05Z,,28,,,,,IMSLP622487,,IMSLP work page not resolved,"4 Neue Liebe (Faisst, Clara Mathilda)",,,needs_manual_review,,"4 Neue Liebe (Faisst, Clara Mathilda)",
2026-08-31T10:39:06Z,,16,,,,,IMSLP622488,,IMSLP work page not resolved,"1 Stimme eines seligen Geistes (Faisst, Clara Mathilda)",,,needs_manual_review,,"1 Stimme eines seligen Geistes (Faisst, Clara Mathilda)",
2026-08-31T10:39:06Z,,34,,,,,IMSLP62381,,IMSLP work page not resolved,"1 Ellens Gesang I, D.837 (Schubert, Franz)",,,needs_manual_review,,"1 Ellens Gesang I, D.837 (Schubert, Franz)",
2026-08-31T10:39:08Z,,38,,,,,IMSLP62382,,IMSLP work page not resolved,"2 Ellens Gesang II, D.838 (Schubert, Franz)",,,needs_manual_review,,"2 Ellens Gesang II, D.838 (Schubert, Franz)",
2026-08-31T10:39:10Z,,34,,,,,IMSLP62383,,file_id_not_rendered_on_work_page,,,,needs_manual_review,,"5 Normans Gesang, D.846 (Schubert, Franz)",
2026-08-31T10:39:12Z,,14,,,,,IMSLP624192,,IMSLP work page not resolved,"1 Quatre heures du matin (Jaëll, Marie)",,,needs_manual_review,,"1 Quatre heures du matin (Jaëll, Marie)",
2026-08-31T10:39:13Z,,34,,,,,IMSLP624193,,IMSLP work page not resolved,"2 Causeries de vagues (Jaëll, Marie)",,,needs_manual_review,,"2 Causeries de vagues (Jaëll, Marie)",
2026-08-31T10:39:14Z,,62,,,,,IMSLP624194,,IMSLP work page not resolved,"3 Les papillons (Jaëll, Marie)",,,needs_manual_review,,"3 Les papillons (Jaëll, Marie)",
2026-08-31T10:39:14Z,,3,,,,,IMSLP624196,,IMSLP work page not resolved,"5 En ramant (Jaëll, Marie)",,,needs_manual_review,,"5 En ramant (Jaëll, Marie)",
2026-08-31T10:39:15Z,Public Domain,6,2020/5/13,Complete Score,PMLP1004418-LGreger_Liebeslied.pdf,,IMSLP625359,{{P||Commissionsverlag Walter Simon|Kassel||||}},not an original Normal Scan,,{{D-Kub|1524058114414}},https://imslp.org/wiki/Special:ImagefromIndex/625359,exclude,[[User:Cypressdome|Cypressdome]],"Liebeslied (Greger, Luise)",https://imslp.org/wiki/Liebeslied_%28Greger%2C_Luise%29
2026-08-31T10:39:15Z,Public Domain,12,2020/5/14,Complete Score,PMLP1004850-Cowen_FH_Hail.pdf,,IMSLP625663,{{P||The Daily Telegraph|London||1914||}},not an original Normal Scan,,p0mbal,https://imslp.org/wiki/Special:ImagefromIndex/625663,exclude,[[User:P0mbal|P0mbal]],"Hail! (Cowen, Frederic Hymen)",https://imslp.org/wiki/Hail%21_%28Cowen%2C_Frederic_Hymen%29
2026-08-31T10:39:15Z,,14,,,,,IMSLP626307,,IMSLP work page not resolved,"The Brook (Barnard, Charlotte Alington - aka Claribel)",,,needs_manual_review,,"The Brook (Barnard, Charlotte Alington - aka Claribel)",
2026-08-31T10:39:16Z,Public Domain,6,2020/6/7,Complete Score ({{K|F}}),PMLP1011316-MVWhite_To_Mary_Fmajor.pdf,,IMSLP630163,{{P|Boosey & Hawkes|Boosey & Co.|London||||H. 3668}},not an original Normal Scan,,{{Hathi|100002508}},https://imslp.org/wiki/Special:ImagefromIndex/630163,exclude,[[User:Cypressdome|Cypressdome]],"To Mary (White, Maude Valérie)",https://imslp.org/wiki/To_Mary_%28White%2C_Maude_Val%C3%A9rie%29
2026-08-31T10:39:16Z,,46,,,,,IMSLP632171,,IMSLP work page not resolved,"1 Rêverie (Jaëll, Marie)",,,needs_manual_review,,"1 Rêverie (Jaëll, Marie)",
2026-08-31T10:39:17Z,,21,,,,,IMSLP632172,,IMSLP work page not resolved,"2 Nourmahal-la-Rousse (Jaëll, Marie)",,,needs_manual_review,,"2 Nourmahal-la-Rousse (Jaëll, Marie)",
2026-08-31T10:39:18Z,,50,,,,,IMSLP632175,,IMSLP work page not resolved,"5 Malédiction (Jaëll, Marie)",,,needs_manual_review,,"5 Malédiction (Jaëll, Marie)",
2026-08-31T10:39:19Z,,18,,,,,IMSLP632177,,IMSLP work page not resolved,"7 Le voile (Jaëll, Marie)",,,needs_manual_review,,"7 Le voile (Jaëll, Marie)",
2026-08-31T10:39:19Z,,32,,,,,IMSLP634834,,IMSLP work page not resolved,"2 Wir drei (Beach, Amy)",,,needs_manual_review,,"2 Wir drei (Beach, Amy)",
2026-08-31T10:39:20Z,,30,,,,,IMSLP634835,,IMSLP work page not resolved,"3 Juni (Beach, Amy)",,,needs_manual_review,,"3 Juni (Beach, Amy)",
2026-08-31T10:39:21Z,Public Domain,8,2020/7/19,Complete Score,PMLP1022194-score_8202.pdf,,IMSLP637242,{{P|Arthur Napoleão|Arthur Napoleão & Cia|Rio de Janeiro||||4085}},not an original Normal Scan,,{{plain|http://acervo.casadochoro.com.br/files/uploads/scores/score_8202.pdf|Casa do Choro}},https://imslp.org/wiki/Special:ImagefromIndex/637242,exclude,[[User:Lucas-coelho|Lucas-coelho]],"Noivado (Gonzaga, Chiquinha)",https://imslp.org/wiki/Noivado_%28Gonzaga%2C_Chiquinha%29
2026-08-31T10:39:21Z,,38,,,,,IMSLP637440,,IMSLP work page not resolved,"1 O Mistress Mine (Beach, Amy)",,,needs_manual_review,,"1 O Mistress Mine (Beach, Amy)",
2026-08-31T10:39:22Z,,20,,,,,IMSLP637442,,IMSLP work page not resolved,"3 Fairy Lullaby (Beach, Amy)",,,needs_manual_review,,"3 Fairy Lullaby (Beach, Amy)",
2026-08-31T10:39:23Z,Public Domain,8,2020/8/18,Complete Score,"PMLP1029941-Barns,_Ethel_-_Sleep,_weary_heart.pdf",,IMSLP642301,{{P|Boosey & Hawkes|Boosey & Co.|London||1911||883-4}},not an original Normal Scan,,|Uploader=[[User:Composer1936|Composer1936]],https://imslp.org/wiki/Special:ImagefromIndex/642301,exclude,,"Sleep, Weary Heart (Barns, Ethel)",https://imslp.org/wiki/Sleep%2C_Weary_Heart_%28Barns%2C_Ethel%29
2026-08-31T10:39:23Z,,4,,,,,IMSLP654022,,IMSLP work page not resolved,"Allons prier! (Bonis, Mel)",,,needs_manual_review,,"Allons prier! (Bonis, Mel)",
2026-08-31T10:39:23Z,,4,,,,,IMSLP656649,,IMSLP work page not resolved,"2 More Fond than Cushat Dove (Parry, Hubert)",,,needs_manual_review,,"2 More Fond than Cushat Dove (Parry, Hubert)",
2026-08-31T10:39:24Z,,18,,,,,IMSLP657998,,IMSLP work page not resolved,"The Ballad of Kingslea Mere (Rootham, Cyril)",,,needs_manual_review,,"The Ballad of Kingslea Mere (Rootham, Cyril)",
2026-08-31T10:39:25Z,Public Domain,10,2020/11/24,Complete Score,PMLP1059055-SheetMusic_4160.pdf,,IMSLP660145,{{P||Carrie Jacobs-Bond|Chicago|1900|||}},not an original Normal Scan,,{{MSUctsmc|4160}},https://imslp.org/wiki/Special:ImagefromIndex/660145,exclude,[[User:Feduol|Feduol]],"Because I Am Your Friend (Jacobs-Bond, Carrie)",https://imslp.org/wiki/Because_I_Am_Your_Friend_%28Jacobs-Bond%2C_Carrie%29
2026-08-31T10:39:25Z,Public Domain,10,2020/12/3,Complete Score,"PMLP1062108-jane_bianchi_lacy_G.809.p.-17.-_Helen,_the_words_by_Peter_Pindar.pdf",,IMSLP662011,"{{P|Mori & Lavenu|L. Lavenu, for the author|London||||}}",not an original Normal Scan,,{{BrLib}},https://imslp.org/wiki/Special:ImagefromIndex/662011,exclude,[[User:Fynnjamin|Fynnjamin]],"Helen (Bianchi Lacy, Jane)",https://imslp.org/wiki/Helen_%28Bianchi_Lacy%2C_Jane%29
2026-08-31T10:39:25Z,Public Domain,38,2021/1/11,Complete Score,PMLP1074289-Charles_Wood_-_Ethiopia_Saluting_the_Colours.pdf,,IMSLP669434,{{P|Boosey & Hawkes|Boosey & Co|London||1898||H.2180}},not an original Normal Scan,,Drootham,https://imslp.org/wiki/Special:ImagefromIndex/669434,exclude,[[User:Drootham|Drootham]],"Ethiopia Saluting the Colours (Wood, Charles)",https://imslp.org/wiki/Ethiopia_Saluting_the_Colours_%28Wood%2C_Charles%29
2026-08-31T10:39:25Z,Public Domain,16,2021/2/16,Complete score,PMLP1085253-Louisa_Gray_-_Unforgotten.pdf,,IMSLP676298,{{P|Edwin Ashdown|Ashdown & Parry|London||||4139}},not an original Normal Scan,,{{Hathi|002813107}},https://imslp.org/wiki/Special:ImagefromIndex/676298,exclude,[[User:Drootham|Drootham]],"Unforgotten (Gray, Louisa)",https://imslp.org/wiki/Unforgotten_%28Gray%2C_Louisa%29
2026-08-31T10:39:25Z,Public Domain,2,2021/2/16,Complete Score,PMLP1085264-Louisa_Gray_-_After_so_long.pdf,,IMSLP676303,{{P|J.B. Cramer|J. B. Cramer & Co|London}},not an original Normal Scan,,{{Hathi|002813106}},https://imslp.org/wiki/Special:ImagefromIndex/676303,exclude,[[User:Drootham|Drootham]],"After so long (Gray, Louisa)",https://imslp.org/wiki/After_so_long_%28Gray%2C_Louisa%29
2026-08-31T10:39:25Z,,2,,,,,IMSLP676305,,IMSLP work page not resolved,"Yes and No (Gray, Louisa)",,,needs_manual_review,,"Yes and No (Gray, Louisa)",
2026-08-31T10:39:25Z,Public Domain,14,2021/2/17,Complete Score,PMLP1085286-Louisa_Gray_-_Under_the_cliffs.pdf,,IMSLP676315,{{P|Henry Tolman|G.D. Russell & Company|Boston||||3295_5}},not an original Normal Scan,,{{Hathi|101770788}},https://imslp.org/wiki/Special:ImagefromIndex/676315,exclude,[[User:Drootham|Drootham]],"Under the Cliffs (Gray, Louisa)",https://imslp.org/wiki/Under_the_Cliffs_%28Gray%2C_Louisa%29
2026-08-31T10:39:25Z,Public Domain,20,,"Complete Score (high voice, in {{k|Gb}})",SIBLEY1802.10671.d1fc-39087013698016_L'heure_exquise.pdf,Normal Scan,IMSLP74369,"''European Songs: A Selection of Successful Songs from Foreign Sources''<br>Boston: Charles W. Homeyer & Co., 1917. Plates C.W.H. 183/4.",IMSLP exact-file record: Public Domain + Normal Scan,,,https://imslp.org/wiki/Special:ImagefromIndex/74369,candidate_pd_scan,,L'heure exquise (Poldowski),https://imslp.org/wiki/L%27heure_exquise_%28Poldowski%29
2026-08-31T10:39:27Z,Public Domain,12,,Complete Score ({{K|F}}),SIBLEY1802.9325.6abd-39087012060879score.pdf,,IMSLP75214,"{{P|Schirmer|G. Schirmer|New York|n.d.(ca.1877-78)|||2041, 2060}}",not an original Normal Scan,,,https://imslp.org/wiki/Special:ImagefromIndex/75214,exclude,,"The Lost Chord (Sullivan, Arthur)",https://imslp.org/wiki/The_Lost_Chord_%28Sullivan%2C_Arthur%29
2026-08-31T10:39:27Z,,16,,,,,IMSLP75959,,IMSLP work page not resolved,"2 Ah, Love, but a Day! (Beach, Amy)",,,needs_manual_review,,"2 Ah, Love, but a Day! (Beach, Amy)",
2026-08-31T10:39:28Z,,9,,,,,IMSLP77665,,IMSLP work page not resolved,"1 Gestillte Sehnsucht (Brahms, Johannes)",,,needs_manual_review,,"1 Gestillte Sehnsucht (Brahms, Johannes)",
2026-08-31T10:39:29Z,Public Domain,6,2010/10/3,Version in C major,PMLP163438-cowenbetterl.pdf,,IMSLP80521,"London : [[Boosey & Hawkes|Boosey & Co.]], n.d.(1890s?)",not an original Normal Scan,,{{NLA|vn3580182}},https://imslp.org/wiki/Special:ImagefromIndex/80521,exclude,[[User:Schissel|Schissel]],"The Better Land (Cowen, Frederic Hymen)",https://imslp.org/wiki/The_Better_Land_%28Cowen%2C_Frederic_Hymen%29
2026-08-31T10:39:29Z,,34,,,,,IMSLP83314,,IMSLP work page not resolved,"1 À une Fleur (Bizet, Georges)",,,needs_manual_review,,"1 À une Fleur (Bizet, Georges)",
2026-08-31T10:39:30Z,Public Domain,8,2010/10/30,Complete Score,PMLP169927-Bizet_-_Guitare.pdf,Normal Scan,IMSLP83316,''Feuilles d'album''<br>{{P|Heugel||Paris|n.d.[1866]|1866||H.3370}},IMSLP exact-file record: Public Domain + Normal Scan,,|Uploader=[[User:Massenetique|Massenetique]],https://imslp.org/wiki/Special:ImagefromIndex/83316,candidate_pd_scan,,"Guitare (Bizet, Georges)",https://imslp.org/wiki/Guitare_%28Bizet%2C_Georges%29
2026-08-31T10:39:32Z,,6,,,,,IMSLP83318,,IMSLP work page not resolved,"5 Rose d’Amour (Bizet, Georges)",,,needs_manual_review,,"5 Rose d’Amour (Bizet, Georges)",
2026-08-31T10:39:33Z,Public Domain,14,2010/10/30,Complete Score,PMLP169934-Bizet_-_Sonnet.pdf,Normal Scan,IMSLP83319,''Feuilles d'album''<br>{{P|Heugel||Paris|n.d.[1866]|1866||H.3369}},IMSLP exact-file record: Public Domain + Normal Scan,,|Uploader=[[User:Massenetique|Massenetique]],https://imslp.org/wiki/Special:ImagefromIndex/83319,candidate_pd_scan,,"Sonnet (Bizet, Georges)",https://imslp.org/wiki/Sonnet_%28Bizet%2C_Georges%29
2026-08-31T10:39:35Z,,24,,,,,IMSLP88709,,IMSLP work page not resolved,"01 Ihr Auge (Franz, Robert)",,,needs_manual_review,,"01 Ihr Auge (Franz, Robert)",
2026-08-31T10:39:36Z,,32,,,,,IMSLP89016,,IMSLP work page not resolved,"02 Nachtlied (Franz, Robert)",,,needs_manual_review,,"02 Nachtlied (Franz, Robert)",
2026-08-31T10:39:36Z,,16,,,,,IMSLP89017,,IMSLP work page not resolved,"03 Die Lotosblume (Franz, Robert)",,,needs_manual_review,,"03 Die Lotosblume (Franz, Robert)",
2026-08-31T10:39:37Z,,20,,,,,IMSLP89026,,file_id_not_rendered_on_work_page,,,,needs_manual_review,,"I will go with my father a-ploughing (Gurney, Ivor)",
2026-08-31T10:39:37Z,,12,,,,,IMSLP89287,,IMSLP work page not resolved,"09 Jagdlied (Franz, Robert)",,,needs_manual_review,,"09 Jagdlied (Franz, Robert)",
2026-08-31T10:39:38Z,,40,,,,,IMSLP89290,,IMSLP work page not resolved,"10 Schlummerlied (Franz, Robert)",,,needs_manual_review,,"10 Schlummerlied (Franz, Robert)",
2026-08-31T10:39:39Z,,12,,,,,IMSLP89292,,IMSLP work page not resolved,"11 Vöglein, wohin so schnell (Franz, Robert)",,,needs_manual_review,,"11 Vöglein, wohin so schnell (Franz, Robert)",
2026-08-31T10:39:41Z,,17,,,,,IMSLP89794,,IMSLP work page not resolved,"04 Nun holt mir eine Kanne Wein (Franz, Robert)",,,needs_manual_review,,"04 Nun holt mir eine Kanne Wein (Franz, Robert)",
2026-08-31T10:39:42Z,,12,,,,,IMSLP89795,,IMSLP work page not resolved,"05 O säh ich auf der Haide dort (Franz, Robert)",,,needs_manual_review,,"05 O säh ich auf der Haide dort (Franz, Robert)",
2026-08-31T10:39:43Z,,16,,,,,IMSLP89796,,IMSLP work page not resolved,"06 Tanzlied im Mai (Franz, Robert)",,,needs_manual_review,,"06 Tanzlied im Mai (Franz, Robert)",
2026-08-31T10:39:43Z,,17,,,,,IMSLP89797,,IMSLP work page not resolved,"07 Sonntag (Franz, Robert)",,,needs_manual_review,,"07 Sonntag (Franz, Robert)",
2026-08-31T10:39:44Z,,8,,,,,IMSLP89798,,IMSLP work page not resolved,"08 Für Einen (Franz, Robert)",,,needs_manual_review,,"08 Für Einen (Franz, Robert)",
2026-08-31T10:39:45Z,Public Domain,2,2011/2/4,Complete Score,PMLP189385-Satie_-_Chez_le_Docteur_(voice_and_piano).pdf,,IMSLP92046,Paris: {{NoPubID|1906}},not an original Normal Scan,,|Uploader=[[User:Daphnis|Daphnis]],https://imslp.org/wiki/Special:ImagefromIndex/92046,exclude,,"Chez le docteur (Satie, Erik)",https://imslp.org/wiki/Chez_le_docteur_%28Satie%2C_Erik%29
2026-08-31T10:39:45Z,,15,,,,,IMSLP97202,,file_id_not_rendered_on_work_page,,,,needs_manual_review,,"4 To Daffodils (Delius, Frederick)",
